probability,value of objective function,
0.05,1.4681666666666664,
0.1,2.559277777777778,
0.15000000000000002,3.0832247474747474,
0.2,3.9915600510600537,
