probability,value of objective function,
0.05,0.04333333333333333,
0.1,0.20219047619047617,
0.15000000000000002,0.3132423687423687,
0.2,0.3491724386724387,
