probability,value of objective function,
0.05,1.3102380952380954,
0.1,2.1107622655122658,
0.15000000000000002,2.75068253968254,
0.2,3.697236596736598,
