probability,value of objective function,
0.05,0.1729285714285714,
0.1,0.26452380952380955,
0.15000000000000002,0.445556832056832,
0.2,0.46347552447552465,
