probability,value of objective function,
0.05,0.09166666666666667,
0.1,0.22239285714285714,
0.15000000000000002,0.32897854922854924,
0.2,0.40564682539682534,
