probability,value of objective function,
0.05,0.08666666666666668,
0.1,0.21580952380952378,
0.15000000000000002,0.40489610389610386,
0.2,0.4619685314685315,
