probability,value of objective function,
0.05,0.09650714285714286,
0.1,0.21793546176046172,
0.15000000000000002,0.3193345931845935,
0.2,0.4139764032536088,
