probability,value of objective function,
0.05,0.10226190476190478,
0.1,0.2182273809523809,
0.15000000000000002,0.3154557303807305,
0.2,0.41185177355324404,
