probability,value of objective function,
0.05,0.10423571428571426,
0.1,0.2481944444444445,
0.15000000000000002,0.3215300005550005,
0.2,0.4169184315684313,
