probability,value of objective function,
0.05,0.10413650793650789,
0.1,0.22828818542568538,
0.15000000000000002,0.3338869921744921,
0.2,0.432010939060939,
