probability,value of objective function,
0.05,0.11150595238095239,
0.1,0.2742819985569985,
0.15000000000000002,0.4614872044622047,
0.2,0.5545567876567877,
