probability,value of objective function,
0.05,0.10356031746031748,
0.1,0.234126984126984,
0.15000000000000002,0.30330683483183457,
0.2,0.4413708361899541,
