probability,value of objective function,
0.05,0.1255714285714285,
0.1,0.2823501803751805,
0.15000000000000002,0.4244255827505824,
0.2,0.5573353299478303,
