# of vertexes,value of objective function,
10.0,0.0,
20.0,0.4113756613756614,
30.0,0.629426823176823,
40.0,0.7556170528817587,
50.0,0.9739745476352015,
