BFS,DFS,
0.2333333333333333,0.3,
0.2333333333333333,0.2333333333333333,
0.2333333333333333,0.26666666666666666,
0.2333333333333333,0.2333333333333333,
0.0,0.3,
0.0,0.3,
0.0,0.0,
0.3,0.3,
0.3,0.3,
