BFS,DFS,
0.3,0.0,
0.26666666666666666,0.0,
0.26666666666666666,0.0,
0.0,0.26666666666666666,
0.3,0.0,
0.26666666666666666,0.0,
0.3,0.26666666666666666,
0.0,0.26666666666666666,
0.0,0.26666666666666666,
0.0,0.0,
0.0,0.0,
0.0,0.26666666666666666,
0.0,0.0,
0.0,0.26666666666666666,
0.26666666666666666,0.26666666666666666,
0.0,0.26666666666666666,
