# of vertexes,value of objective function,
2.0,NaN,
3.0,NaN,
4.0,1.0,
5.0,0.9999999999999999,
6.0,0.6523809523809524,
7.0,0.5714285714285713,
8.0,1.0954545454545455,
