probability,value of objective function,
0.1,0.0,
0.2,0.10666666666666665,
0.30000000000000004,0.22511904761904758,
0.4,0.29908730158730157,
