# of vertexes,value of objective function,
10.0,0.8256493506493509,
20.0,1.8757102691488625,
