# of vertexes,value of objective function,
4.0,0.0,
5.0,0.3333333333333333,
6.0,0.4,
7.0,0.5238095238095238,
8.0,0.6848484848484848,
