probability,value of objective function,
0.1,0.0,
0.2,0.5392857142857144,
0.30000000000000004,0.8126190476190477,
0.4,1.2392857142857143,
