probability,value of objective function,
0.05,2.869565217391304,
0.1,1.457142857142857,
0.15000000000000002,5.821428571428571,
0.2,2.125,
