probability,value of objective function,
0.05,1.5094761904761904,
0.1,2.3667658730158725,
0.15000000000000002,2.7344927849927854,
0.2,3.7478003385503387,
