# of vertexes,value of objective function,
20.0,1.0464294808832617,
40.0,2.2565696293152397,
60.0,3.4916583464809294,
80.0,4.734034433469459,
100.0,5.99046848734873,
