probability,value of objective function,
0.05,26.895040328935007,
0.1,51.86257085870642,
0.15000000000000002,71.89553001597893,
0.2,95.57477578771628,
