# of vertexes,value of objective function,
10.0,0.8315789473684214,
20.0,1.8582935507709197,
