value of objective function,
0.3,
0.8222222222222223,
0.0,
0.26666666666666666,
0.0,
0.0,
0.0,
0.5499999999999999,
0.0,
0.5333333333333333,
0.3,
0.5499999999999999,
0.3,
0.0,
0.3,
