# of vertexes,value of objective function,
4.0,1.0,
5.0,0.6666666666666666,
6.0,1.1,
7.0,0.6607142857142857,
8.0,1.0555555555555556,
