# of vertexes,value of objective function,
6.0,1.1333333333333333,
8.0,2.200793650793651,
