value of objective function,
0.7115105298978244,
0.5530365439902285,
0.704132881934065,
0.9107181691739871,
0.5351852728818982,
0.411669283034313,
1.1249219831534907,
0.5299593098267569,
0.7350704209282988,
0.671344992308777,
0.7404115569828456,
0.9929183728848969,
0.5277821067955561,
0.4530125163229661,
0.8388318722197639,
0.7666163787917921,
0.6860122179285705,
1.0411851833955597,
0.795036098667498,
0.5897279715329906,
0.8808932162476268,
0.7530433057939176,
0.7670730612649731,
1.064354917060874,
0.7449599214853383,
0.5063683434656214,
0.5642879975224424,
0.8842075418482754,
0.7755254608978557,
0.6725459286880141,
