BFS,DFS,
0.35555555555555557,0.35555555555555557,
0.35555555555555557,0.7111111111111111,
0.0,0.6444444444444445,
0.35555555555555557,0.35555555555555557,
0.0,0.575,
0.0,0.35555555555555557,
0.0,0.35555555555555557,
0.26666666666666666,0.35555555555555557,
0.0,0.6444444444444445,
0.0,0.0,
0.0,0.5333333333333333,
0.6444444444444445,0.0,
0.5333333333333333,0.5333333333333333,
0.0,0.0,
0.35555555555555557,0.26666666666666666,
0.0,0.0,
