BFS,DFS,
0.261904761904762,0.2619047619047619,
0.0,0.2619047619047619,
