# of vertexes,value of objective function,
10.0,0.6,
20.0,1.3621066433566433,
30.0,1.6465445602842192,
40.0,1.6117689383004856,
50.0,1.6727358845250153,
