# of vertexes,value of objective function,
4.0,0.0,
5.0,0.0,
6.0,0.2619047619047619,
7.0,0.23214285714285712,
8.0,0.0,
