# of vertexes,value of objective function,
2.0,NaN,
3.0,NaN,
4.0,NaN,
5.0,0.0,
6.0,0.49999999999999994,
7.0,0.5,
8.0,0.4166666666666667,
