probability,value of objective function,
0.05,2.8932849523657014,
0.1,3.8573993573778376,
0.15000000000000002,4.643585575207812,
0.2,4.046371480718764,
