# of vertexes,value of objective function,
10.0,0.11999999999999997,
60.0,0.3034161393903,
110.0,0.42276400460225316,
160.0,0.4851804417885142,
210.0,0.5491116170485579,
