# of vertexes,value of objective function,
80.0,1.2394936022189695,
100.0,2.489085339766479,
