# of vertexes,value of objective function,
4.0,0.0,
5.0,0.4,
6.0,0.5333333333333333,
7.0,0.8,
8.0,0.4642857142857142,
